"QJAAA,QJAAA"
"QJAAB,QJAAB"
"QJAAC,QJAAC"
"QJAAD,QJAAD"
"QJAAE,QJAAE"
"QJAAF,QJAAF"
"QJAAG,QJAAG"
"QJAAH,QJAAH"
"QJAAI,QJAAI"
"QJAAJ,QJAAJ"
"QJAAK,QJAAK"
"QJAAL,QJAAL"
"QJAAM,QJAAM"
"QJAAN,QJAAN"
"QJAAO,QJAAO"
"QJAAP,QJAAP"
"QJAAQ,QJAAQ"
"QJAAR,QJAAR"
"QJAAS,QJAAS"
"QJAAT,QJAAT"
"QJAAU,QJAAU"
"QJAAV,QJAAV"
"QJAAW,QJAAW"
"QJAAX,QJAAX"
"QJAAY,QJAAY"
"QJAAZ,QJAAZ"
"QJABA,QJABA"
"QJABB,QJABB"
"QJABC,QJABC"
"QJABD,QJABD"
"QJABE,QJABE"
"QJABF,QJABF"
"QJABG,QJABG"
"QJABH,QJABH"
"QJABI,QJABI"
"QJABJ,QJABJ"
"QJABK,QJABK"
"QJABL,QJABL"
"QJABM,QJABM"
"QJABN,QJABN"
"QJABO,QJABO"
"QJABP,QJABP"
"QJABQ,QJABQ"
"QJABR,QJABR"
"QJABS,QJABS"
"QJABT,QJABT"
"QJABU,QJABU"
"QJABV,QJABV"
"QJABW,QJABW"
"QJABX,QJABX"
"QJABY,QJABY"
"QJABZ,QJABZ"
"QEAAA,QEAAA"
"QEAAB,QEAAB"
"QEAAC,QEAAC"
"QEAAD,QEAAD"
"QEAAE,QEAAE"
"QEAAF,QEAAF"
"QEAAG,QEAAG"
"QEAAH,QEAAH"
"QEAAI,QEAAI"
"QEAAJ,QEAAJ"
"QEAAK,QEAAK"
"QEAAL,QEAAL"
"QEAAM,QEAAM"
"QEAAN,QEAAN"
"QEAAO,QEAAO"
"QEAAP,QEAAP"
"QEAAQ,QEAAQ"
"QEAAR,QEAAR"
"QEAAS,QEAAS"
"QEAAT,QEAAT"
"QEAAU,QEAAU"
"QEAAV,QEAAV"
"QEAAW,QEAAW"
"QEAAX,QEAAX"
"QEAAY,QEAAY"
"QEAAZ,QEAAZ"
"QEABA,QEABA"
"QEABB,QEABB"
"QEABC,QEABC"
"QEABD,QEABD"
"QEABE,QEABE"
"QEABF,QEABF"
"QEABG,QEABG"
"QEABH,QEABH"
"QEABI,QEABI"
"QEABJ,QEABJ"
"QEABK,QEABK"
"QEABL,QEABL"
"QEABM,QEABM"
"QEABN,QEABN"
"QEABO,QEABO"
"QEABP,QEABP"
"QEABQ,QEABQ"
"QEABR,QEABR"
"QEABS,QEABS"
"QEABT,QEABT"
"QEABU,QEABU"
"QEABV,QEABV"
"QEABW,QEABW"
"QEABX,QEABX"
"QEABY,QEABY"
"QEABZ,QEABZ"
